<?xml version="1.0" encoding="ISO-8859-1" standalone="yes"?>
<DisplayBas><zeile kilosegment="SEG_K1">
<Anzeige  active="true" zyklus="false"><Titel>
<![CDATA[<span class="trans">menu.voltage</span> L1-N]]>
</Titel>
<source>
<![CDATA[setseg(SEG_N)
setseg(SEG_L1)
setseg(SEG_V)
out_val = _uln[0]
out_format = 1
gosub  myprint
goto defaultpic]]>
</source>
</Anzeige>
<Anzeige  active="true" zyklus="false"><Titel>
<![CDATA[<span class="trans">menu.voltage</span> L2-N]]>
</Titel>
<source>
<![CDATA[setseg(SEG_N)
setseg(SEG_L2)
setseg(SEG_V)
out_val = _uln[1]
out_format = 1
gosub  myprint
goto defaultpic]]>
</source>
</Anzeige>
<Anzeige  active="true" zyklus="false"><Titel>
<![CDATA[<span class="trans">menu.voltage</span> L3-N]]>
</Titel>
<source>
<![CDATA[setseg(SEG_N)
setseg(SEG_L3)
setseg(SEG_V)
out_val = _uln[2]
out_format = 1
gosub  myprint
goto defaultpic]]>
</source>
</Anzeige>
<Anzeige  active="true" zyklus="false"><Titel>
<![CDATA[<span class="trans">menu.voltage</span> L4-N]]>
</Titel>
<source>
<![CDATA[setseg(SEG_N)
setseg(SEG_L4)
setseg(SEG_V)
out_val = _uln[3]
out_format = 1
gosub  myprint
goto defaultpic]]>
</source>
</Anzeige>
</zeile>

<zeile kilosegment="SEG_K1">
<Anzeige  active="true" zyklus="false"><Titel>
<![CDATA[<span class="trans">menu.voltage</span> L1-L2]]>
</Titel>
<source>
<![CDATA[setseg(SEG_L1)
setseg(SEG_V)
out_val = _ull[0]
out_format = 1
gosub  myprint
goto defaultpic]]>
</source>
</Anzeige>
<Anzeige  active="true" zyklus="false"><Titel>
<![CDATA[<span class="trans">menu.voltage</span> L2-L3]]>
</Titel>
<source>
<![CDATA[setseg(SEG_L2)
setseg(SEG_V)
out_val = _ull[1]
out_format = 1
gosub  myprint
goto defaultpic]]>
</source>
</Anzeige>
<Anzeige  active="true" zyklus="false"><Titel>
<![CDATA[<span class="trans">menu.voltage</span> L3-L1]]>
</Titel>
<source>
<![CDATA[setseg(SEG_L3)
setseg(SEG_V)
out_val = _ull[2]
out_format = 1
gosub  myprint
goto defaultpic]]>
</source>
</Anzeige>
</zeile>

<zeile kilosegment="SEG_K1">
<Anzeige  active="true" zyklus="false"><Titel>
<![CDATA[<span class="trans">menu.current</span> L1]]>
</Titel>
<source>
<![CDATA[setseg(SEG_N)
setseg(SEG_L1)
setseg(SEG_A)
out_val = _iln[0]
out_format = 2
gosub  myprint

goto defaultpic]]>
</source>
</Anzeige>
<Anzeige  active="true" zyklus="false"><Titel>
<![CDATA[<span class="trans">menu.current</span> L2]]>
</Titel>
<source>
<![CDATA[setseg(SEG_N)
setseg(SEG_L2)
setseg(SEG_A)
out_val = _iln[1]
out_format = 2
gosub  myprint

goto defaultpic]]>
</source>
</Anzeige>
<Anzeige  active="true" zyklus="false"><Titel>
<![CDATA[<span class="trans">menu.current</span> L3]]>
</Titel>
<source>
<![CDATA[setseg(SEG_N)
setseg(SEG_L3)
setseg(SEG_A)
out_val = _iln[2]
out_format = 2
gosub  myprint

goto defaultpic]]>
</source>
</Anzeige>
<Anzeige  active="true" zyklus="false"><Titel>
<![CDATA[<span class="trans">menu.current</span> L4]]>
</Titel>
<source>
<![CDATA[setseg(SEG_N)
setseg(SEG_L4)
setseg(SEG_A)
out_val = _iln[3]
out_format = 2
gosub  myprint

goto defaultpic]]>
</source>
</Anzeige>
</zeile>

<zeile kilosegment="SEG_K0">
<Anzeige  active="true" zyklus="false"><Titel>
<![CDATA[<span class="trans">info.effective_power</span> L1]]>
</Titel>
<source>
<![CDATA[setseg(SEG_N)
setseg(SEG_W)
setseg(SEG_K0)
setseg(SEG_L1)
out_val = _pln[0]
out_format = 4
gosub myprint

goto defaultpic]]>
</source>
</Anzeige>
<Anzeige  active="true" zyklus="false"><Titel>
<![CDATA[<span class="trans">info.effective_power</span> L2]]>
</Titel>
<source>
<![CDATA[setseg(SEG_N)
setseg(SEG_W)
setseg(SEG_K0)
setseg(SEG_L2)
out_val = _pln[1]
out_format = 4
gosub myprint
goto defaultpic]]>
</source>
</Anzeige>
<Anzeige  active="true" zyklus="false"><Titel>
<![CDATA[<span class="trans">info.effective_power</span> L3]]>
</Titel>
<source>
<![CDATA[setseg(SEG_N)
setseg(SEG_W)
setseg(SEG_K0)
setseg(SEG_L3)
out_val = _pln[2]
out_format = 4
gosub myprint
goto defaultpic]]>
</source>
</Anzeige>
<Anzeige  active="true" zyklus="false"><Titel>
<![CDATA[<span class="trans">info.effective_power</span> L4]]>
</Titel>
<source>
<![CDATA[setseg(SEG_N)
setseg(SEG_W)
setseg(SEG_K0)
setseg(SEG_L4)
out_val = _pln[3]
out_format = 4
gosub myprint
goto defaultpic]]>
</source>
</Anzeige>
<Anzeige  active="true" zyklus="false"><Titel>
<![CDATA[<span class="trans">info.effective_power</span> L1..L3]]>
</Titel>
<source>
<![CDATA[setseg(SEG_N)
setseg(SEG_W)
setseg(SEG_K0)
setseg(SEG_L1)
setseg(SEG_L2)
setseg(SEG_L3)
out_val = _P_SUM3
out_format = 4
gosub myprint
goto defaultpic]]>
</source>
</Anzeige>
<Anzeige  active="true" zyklus="false"><Titel>
<![CDATA[<span class="trans">info.effective_power</span> L1..L4]]>
</Titel>
<source>
<![CDATA[setseg(SEG_N)
setseg(SEG_W)
setseg(SEG_K0)
setseg(SEG_L1)
setseg(SEG_L2)
setseg(SEG_L3)
setseg(SEG_L4)
out_val = _P_SUM
out_format = 4
gosub myprint
goto defaultpic]]>
</source>
</Anzeige>
</zeile>

<zeile kilosegment="SEG_K1">
<Anzeige  active="true" zyklus="false"><Titel>
<![CDATA[<span class="trans">info.reactive_power</span> L1]]>
</Titel>
<source>
<![CDATA[setseg(SEG_N)
setseg(SEG_K1)
setseg(SEG_V)
setseg(SEG_A)
setseg(SEG_R)
setseg(SEG_L1)
if(_qln[0]>=0) THEN 
 setseg(SEG_IND)
 faktor=1
else
 setseg(SEG_CAP)
 faktor=-1
endif
out_val = _qln[0]*faktor
out_format = 4
gosub myprint

goto defaultpic]]>
</source>
</Anzeige>
<Anzeige  active="true" zyklus="false" ><Titel>
<![CDATA[<span class="trans">info.reactive_power</span> L2]]>
</Titel>
<source>
<![CDATA[setseg(SEG_N)
setseg(SEG_K1)
setseg(SEG_V)
setseg(SEG_A)
setseg(SEG_R)
setseg(SEG_L2)
if(_qln[1]>=0) THEN 
 setseg(SEG_IND)
 faktor=1
else
 setseg(SEG_CAP)
 faktor=-1
endif
out_val = _qln[1]*faktor
out_format = 4
gosub myprint
goto defaultpic]]>
</source>
</Anzeige>
<Anzeige  active="true" zyklus="false"><Titel>
<![CDATA[<span class="trans">info.reactive_power</span> L3]]>
</Titel>
<source>
<![CDATA[setseg(SEG_N)
setseg(SEG_K1)
setseg(SEG_V)
setseg(SEG_A)
setseg(SEG_R)
setseg(SEG_L3)
if(_qln[2]>=0) THEN 
 setseg(SEG_IND)
 faktor=1
else
 setseg(SEG_CAP)
 faktor=-1
endif
out_val = _qln[2]*faktor
out_format = 4
gosub myprint
goto defaultpic]]>
</source>
</Anzeige>
<Anzeige  active="true" zyklus="false"><Titel>
<![CDATA[<span class="trans">info.reactive_power</span> L4]]>
</Titel>
<source>
<![CDATA[setseg(SEG_N)
setseg(SEG_K1)
setseg(SEG_V)
setseg(SEG_A)
setseg(SEG_R)
setseg(SEG_L4)
if(_qln[3]>=0) THEN 
 setseg(SEG_IND)
 faktor=1
else
 setseg(SEG_CAP)
 faktor=-1
endif
out_val = _qln[3]*faktor
out_format = 4
gosub myprint
goto defaultpic]]>
</source>
</Anzeige>
<Anzeige  active="true" zyklus="false"><Titel>
<![CDATA[<span class="trans">info.reactive_power</span> L1..L3]]>
</Titel>
<source>
<![CDATA[setseg(SEG_N)
setseg(SEG_K1)
setseg(SEG_V)
setseg(SEG_A)
setseg(SEG_R)
setseg(SEG_L1)
setseg(SEG_L2)
setseg(SEG_L3)
if(_Q_SUM>=0) THEN 
 setseg(SEG_IND)
 faktor=1
else
 setseg(SEG_CAP)
 faktor=-1
endif
out_val = _Q_SUM3*faktor
out_format = 4
gosub myprint
goto defaultpic]]>
</source>
</Anzeige>
<Anzeige  active="true" zyklus="false"><Titel>
<![CDATA[<span class="trans">info.reactive_power</span> L1..L4]]>
</Titel>
<source>
<![CDATA[setseg(SEG_N)
setseg(SEG_K1)
setseg(SEG_V)
setseg(SEG_A)
setseg(SEG_R)
setseg(SEG_L1)
setseg(SEG_L2)
setseg(SEG_L3)
setseg(SEG_L4)
if(_Q_SUM3>=0) THEN 
 setseg(SEG_IND)
 faktor=1
else
 setseg(SEG_CAP)
 faktor=-1
endif
out_val = _Q_SUM*faktor
out_format = 4
gosub myprint
goto defaultpic]]>
</source>
</Anzeige>
</zeile>

<zeile kilosegment="SEG_K0">
<Anzeige  active="true" zyklus="false"><Titel>
<![CDATA[<span class="trans">info.effectiveenergy</span> L1]]>
</Titel>
<source>
<![CDATA[setseg(SEG_N)
setseg(SEG_K0)
setseg(SEG_W)
setseg(SEG_H0)
setseg(SEG_L1)
out_val = _wh_V[0]
out_format = 4
gosub myprint
goto defaultpic]]>
</source>
</Anzeige>
<Anzeige  active="true" zyklus="false"><Titel>
<![CDATA[<span class="trans">info.effectiveenergy</span> L2]]>
</Titel>
<source>
<![CDATA[setseg(SEG_N)
setseg(SEG_K0)
setseg(SEG_W)
setseg(SEG_H0)
setseg(SEG_L2)
out_val = _wh_V[1]
out_format = 4
gosub myprint
goto defaultpic]]>
</source>
</Anzeige>
<Anzeige  active="true" zyklus="false"><Titel>
<![CDATA[<span class="trans">info.effectiveenergy</span> L3]]>
</Titel>
<source>
<![CDATA[setseg(SEG_N)
setseg(SEG_K0)
setseg(SEG_W)
setseg(SEG_H0)
setseg(SEG_L3)
out_val = _wh_V[2]
out_format = 4
gosub myprint
goto defaultpic]]>
</source>
</Anzeige>
<Anzeige  active="true" zyklus="false"><Titel>
<![CDATA[<span class="trans">info.effectiveenergy</span> L4]]>
</Titel>
<source>
<![CDATA[setseg(SEG_N)
setseg(SEG_K0)
setseg(SEG_W)
setseg(SEG_H0)
setseg(SEG_L4)
out_val = _wh_V[3]
out_format = 4
gosub myprint
goto defaultpic]]>
</source>
</Anzeige>
<Anzeige  active="true" zyklus="false"><Titel>
<![CDATA[<span class="trans">info.effectiveenergy</span> L1..L3]]>
</Titel>
<source>
<![CDATA[setseg(SEG_N)
setseg(SEG_K0)
setseg(SEG_W)
setseg(SEG_H0)
setseg(SEG_L1)
setseg(SEG_L2)
setseg(SEG_L3)
out_val = _wh_V[4]
out_format = 4
gosub myprint
goto defaultpic]]>
</source>
</Anzeige>
<Anzeige  active="true" zyklus="false"><Titel>
<![CDATA[<span class="trans">info.effectiveenergy</span> L1..L4]]>
</Titel>
<source>
<![CDATA[setseg(SEG_N)
setseg(SEG_K0)
setseg(SEG_W)
setseg(SEG_H0)
setseg(SEG_L1)
setseg(SEG_L2)
setseg(SEG_L3)
setseg(SEG_L4)
out_val = _wh_V[5]
out_format = 4
gosub myprint
goto defaultpic]]>
</source>
</Anzeige>
</zeile>

<zeile kilosegment="no">
<Anzeige  active="true" zyklus="false"><Titel>
<![CDATA[<span class="trans">info.cosphi</span> L1]]>
</Titel>
<source>
<![CDATA[
setseg(SEG_N)
setseg(SEG_L1)
setseg(SEG_COS_P)
if(_qln[0]>=0) THEN 
 setseg(SEG_IND)
else
 setseg(SEG_CAP)
endif
out_val = _COS_PHI[0]
out_format = 3
gosub myprint
goto defaultpic]]>
</source>
</Anzeige>
<Anzeige  active="true" zyklus="false"><Titel>
<![CDATA[<span class="trans">info.cosphi</span> L2]]>
</Titel>
<source>
<![CDATA[
setseg(SEG_N)
setseg(SEG_L2)
setseg(SEG_COS_P)
if(_qln[1]>=0) THEN 
 setseg(SEG_IND)
else
 setseg(SEG_CAP)
endif
out_val = _COS_PHI[1]
out_format = 3
gosub myprint
goto defaultpic]]>
</source>
</Anzeige>
<Anzeige  active="true" zyklus="false"><Titel>
<![CDATA[<span class="trans">info.cosphi</span> L3]]>
</Titel>
<source>
<![CDATA[
setseg(SEG_N)
setseg(SEG_L3)
setseg(SEG_COS_P)
if(_qln[2]>=0) THEN 
 setseg(SEG_IND)
else
 setseg(SEG_CAP)
endif
out_val = _COS_PHI[2]
out_format = 3
gosub myprint
goto defaultpic]]>
</source>
</Anzeige>
<Anzeige  active="true" zyklus="false"><Titel>
<![CDATA[<span class="trans">info.cosphi</span> L4]]>
</Titel>
<source>
<![CDATA[
setseg(SEG_N)
setseg(SEG_L4)
setseg(SEG_COS_P)
if(_qln[3]>=0) THEN 
 setseg(SEG_IND)
else
 setseg(SEG_CAP)
endif
out_val = _COS_PHI[3]
out_format = 3
gosub myprint
goto defaultpic]]>
</source>
</Anzeige> 
<Anzeige  active="true" zyklus="false"><Titel>
<![CDATA[<span class="trans">info.cosphi</span> L1..L3]]>
</Titel>
<source>
<![CDATA[
setseg(SEG_N)
setseg(SEG_L1)
setseg(SEG_L2)
setseg(SEG_L3)
setseg(SEG_COS_P)
if(_q_sum3>=0) THEN 
 setseg(SEG_IND)
else
 setseg(SEG_CAP)
endif
out_val = _COS_SUM3
out_format = 3
gosub myprint
goto defaultpic]]>
</source>
</Anzeige>
</zeile>

<zeile kilosegment="no">
<Anzeige  active="true" zyklus="false"><Titel>
<![CDATA[<span class="trans">info.frequency</span>]]>
</Titel>
<source>
<![CDATA[
dim dreh[8]
dim help[4]

setseg(SEG_HZ)
print #LCD format("%.2f",_freq) 

if _phase_seq==0 then
  goto defaultpic
endif

dreh[0] = 20
dreh[1] = 21
dreh[2] = 23
dreh[3] = 27
dreh[4] = 35
dreh[5] = 34
dreh[6] = 33
dreh[7] = 28

run = run + _phase_seq

for i=0 to 3 do 
  j = frac((run + i) / 8) * 8   
  if j >=0 then
    help[i]=dreh[j]
  else
    help[i]=dreh[8+j]
  endif
next i

setseg(help[0])
setseg(help[1])
setseg(help[2])
setseg(help[3])
goto defaultpic]]>
</source>
</Anzeige>
<Anzeige  active="true" zyklus="false"><Titel>
<![CDATA[<span class="trans">info.temperature</span>]]>
</Titel>
<source>
<![CDATA[
print #LCD format("%0.1f",_EXT_TEMPERATUR),"�C"
goto defaultpic]]>
</source>
</Anzeige>
<Anzeige  active="true" zyklus="false"><Titel>
<![CDATA[<span class="trans">info.date</span>]]>
</Titel>
<source>
<![CDATA[
print #LCD format("%02.0f",_DAY),".",format("%02.0f",_MONTH+1),".",format("%4.0f",_YEAR)
goto defaultpic]]>
</source>
</Anzeige>
<Anzeige  active="true" zyklus="false"><Titel>
<![CDATA[<span class="trans">info.time</span>]]>
</Titel>
<source>
<![CDATA[
print #LCD format("%2.0f",_HOUR),format("-%02.0f",_MIN),format("-%02.0f",_SEC)
goto defaultpic]]>
</source>
</Anzeige>

<Anzeige  active="true" zyklus="false"><Titel>
<![CDATA[<span class="trans">info.serialnumber</span>]]>
</Titel>
<source>
<![CDATA[
print #LCD format("%.4f",_sernr/10000) 
goto defaultpic]]>
</source>
</Anzeige>

<Anzeige  active="true" zyklus="false"><Titel>
<![CDATA[<span class="trans">info.firmware.release</span>]]>
</Titel>
<source>
<![CDATA[
print #LCD "Rel. ",_release
goto defaultpic]]>
</source>
</Anzeige>

</zeile>


<BasisSource><![CDATA[

REM ** Setup **

REM Wann ein Zyklus startet:
ZyklusStartDelaySec = 15
REM Wann die Zyklusseite gewechselt wird:
ZyklusNextDelaySec = 5
REM Nach dem Zyklus bleibt das Bild
REM Sollten aber n Sekunden vergangen sein
REM wird zu Bild 1,1 gesprungen
RestoreStartPos = 60*10

REM Update Interval f�r Displaydaten:
UpdateAfterNmsyncs=5


REM *********
global (int,_pic_ready,0,0,"",0)
global (int,_pic_nr,1,0,"",0)

global (int,_pic_x,1,0,"",0)
global (int,_pic_y,1,0,"",0)


_pic_x=1
_pic_y=1
MODUS_ZYKLUS = 0

record edit_cont = (int,error) (float,val)
record edit_addr = (int,error) (int,val)

record LastPos = (int,x) (int,y)

on_Key mykey

LastKeyPressed=systime(UTC)

keyedit=0
_contrast=60

zeilen = %ZEILEN%
DIM zeilentiefe[%ZEILEN%]

%ZEILENTIEFE%


%ZYKLENTABLE%

AktZyklus = 0


loop:
  wait(msync)
  if keyedit==0 then 
    gosub display 
  endif
goto loop 

sub myprint

	if out_format==1 THEN
		print #LCD format("%0.1f",out_val)
	endif
	if out_format==2 THEN
		print #LCD format("%0.2f",out_val)
	endif
	if out_format==3 THEN
		print #LCD format("%0.3f",out_val)
	endif

	if out_format==4 THEN
		print #LCD format("%0.1f",out_val/1000)
	endif
	if out_format==5 THEN
		print #LCD format("%0.2f",out_val/1000)
	endif
	if out_format==6 THEN
		print #LCD format("%0.3f",out_val/1000)
	endif

endsub

sub mykey

if(MODUS_ZYKLUS==1)THEN
	REM exit Zyklus, ignore last Key
	key1=0
	key2=0
	key3=0
	REM restore old Position:
	if systime(UTC)-ZyklusStartTime>RestoreStartPos THEN
		_pic_X = 1
		_pic_Y = 1
	else
		_pic_X = LastPos.x
		_pic_Y = LastPos.y
	endif
	REM ** Force Display-Update:
	my_msynccounter=9999
else
	key1=getkey(1)
	key2=getkey(2)
	key3=getkey(3)
endif

MODUS_ZYKLUS=0
LastKeyPressed=systime(UTC)




if (key1==2) and (key2==2) then 
  if keyedit==1 then 
    keyedit=0
  else
    keyedit=1
  endif 
endif

if keyedit==1 then 
  rem gosub edit
  sysedit
  key1=getkey(1)
  key2=getkey(2)
  keyedit=0
else 

 REM ** Right **
  if key1==1 then 
  
	  if(_pic_x<zeilentiefe[_pic_y-1] )THEN
	    _pic_x = _pic_x + 1    
      else
      	_pic_x = 1
	  ENDIF
  
  endif 
  
  REM **  Left **
  if key1==2 then 
	  if(_pic_x > 1)THEN
	    	_pic_x = _pic_x - 1
	    else
	    	_pic_x = zeilentiefe[_pic_y-1]
	  endif
  endif
  REM **  UP **
  if key2==1 then 
	if(_pic_y<zeilen )THEN	
   		_pic_y = _pic_y + 1   		
   	else
   		_pic_y = 1
    endif
    if _pic_x>zeilentiefe[_pic_y-1] THEN 
   		_pic_x = 1
   	endif 
 
  endif

  
  REM **  DOWN **
  if key2==2 then 
	if(_pic_y > 1)THEN
   		_pic_y = _pic_y - 1
   	else
   		_pic_y = zeilen   		
    endif
    if _pic_x>zeilentiefe[_pic_y-1] THEN 
   		_pic_x = 1
   	endif 
  endif

  if key3==1 then 
    _pic_x = 1
    _pic_y = 1
  endif
  
  REM ** On Key Press
  if (key1>0)OR(key2>0) THEN
  	  REM ** Force Display-Update:
	  my_msynccounter=9999
  endif
  gosub display
endif 
print _pic_x,"  ",_pic_y
endsub



sub edit 
  edit_cont.val = 123.4
  clear_lcd
  setseg(SEG_PG)
  call edit_content edit_cont 
  clear_lcd
  edit_addr.val = 45
  setseg(SEG_PG)
  call edit_addr edit_addr
  sysedit
  keyedit=0
endsub



sub display

  if _RX232_COUNT <>oldRX232_COUNT AND toggle==1 THEN
  		setseg(SEG_RXD_S)  		  		
  endif
  oldRX232_COUNT = _RX232_COUNT

  if _TX232_COUNT <>oldTX232_COUNT AND toggle==1 THEN
  		setseg(SEG_TXD_S)  		
  endif
  oldTX232_COUNT = _TX232_COUNT

  if _RX485_COUNT <>oldRX485_COUNT AND toggle==1 THEN
  		setseg(SEG_RXD_S)  		  		
  endif
  oldRX485_COUNT = _RX485_COUNT

  if _TX485_COUNT <>oldTX485_COUNT AND toggle==1 THEN
  		setseg(SEG_TXD_S)  		
  endif
  oldTX485_COUNT = _TX485_COUNT


  if toggle==0 THEN 
  	toggle=1
  else
  	toggle=0
  endif
  

my_msynccounter=my_msynccounter+1
if my_msynccounter<UpdateAfterNmsyncs THEN
	RETURN
endif
my_msynccounter=0

REM ** Spannung im Nominal-Bereich **
nominalProzentUnten = 0.92
nominalProzentOben = 1.08
if (_ULN[0]>_NOMINAL_U[0]*nominalProzentUnten)AND(_ULN[0]<_NOMINAL_U[0]*nominalProzentOben) THEN
setseg(SEG_L1P_S)
endif

if (_ULN[1]>_NOMINAL_U[0]*nominalProzentUnten)AND(_ULN[1]<_NOMINAL_U[0]*nominalProzentOben) THEN
setseg(SEG_L2P_S)
endif

if (_ULN[2]>_NOMINAL_U[0]*nominalProzentUnten)AND(_ULN[2]<_NOMINAL_U[0]*nominalProzentOben) THEN
setseg(SEG_L3P_S)
endif

if (_ULN[3]>_NOMINAL_U[1]*nominalProzentUnten)AND(_ULN[3]<_NOMINAL_U[1]*nominalProzentOben) THEN
setseg(SEG_L4P_S)
endif

REM ** Digital In/Out
if (_digin_stat[0]) THEN
setseg(SEG_INPUT_S0)
endif
if (_digin_stat[1]) THEN
setseg(SEG_INPUT_S1)
endif

if (_digout_stat[0]) THEN
setseg(SEG_OUTPUT_S0)
endif
if (_digout_stat[1]) THEN
setseg(SEG_OUTPUT_S1)
endif

REM ******  Enter Zyklus  *******
if (MODUS_ZYKLUS==0) AND (zyklen<>0) AND ((systime(UTC)-LastKeyPressed)>ZyklusStartDelaySec) THEN
	MODUS_ZYKLUS = 1
	LastZyklusTime = systime(UTC)
	ZyklusStartTime= systime(UTC)
	AktZyklus = 1
	LastPos.x = _pic_X 
	LastPos.y = _pic_Y
endif

if MODUS_ZYKLUS == 1 THEN 

	if (systime(UTC)-LastZyklusTime)>ZyklusNextDelaySec THEN
		LastZyklusTime = systime(UTC)
		AktZyklus=AktZyklus+1
		if(AktZyklus>=zyklen) THEN 
			AktZyklus=0 
		endif
		
		_pic_X = zyklus[AktZyklus*2]
		_pic_Y = zyklus[AktZyklus*2+1]
		
	endif

endif


%JUMPTABLE%


%LABELS%


defaultpic:
  setseg(SEG_BOX)
  setseg(SEG_RXD)
  setseg(SEG_TXD)
  setseg(SEG_INPUT)
  setseg(SEG_OUTPUT)
  setseg(SEG_L1P)
  setseg(SEG_L2P)
  setseg(SEG_L3P)
  setseg(SEG_L4P)

  update_lcd

  _pic_ready=_pic_nr

endsub
]]></BasisSource></DisplayBas>