{
    "voltage": [
        {"requestvalue": "_ULN[0]"},
        {"requestvalue": "_ULN[1]"},
        {"requestvalue": "_ULN[2]"},
        {"requestvalue": "_ULN[3]"},
        {"requestvalue": "_ULL[0]"},
        {"requestvalue": "_ULL[1]"},
        {"requestvalue": "_ULL[2]"}
    ],
    "current": [
        {"requestvalue": "_ILN[0]"},
        {"requestvalue": "_ILN[1]"},
        {"requestvalue": "_ILN[2]"},
        {"requestvalue": "_ILN[3]"},
        {"requestvalue": "_I_SUM3"},
        {"requestvalue": "_I_SUM"}
    ],
    "freq": [
        {"requestvalue": "_FREQ"}
    ],
    "activepower": [
        {"requestvalue": "_PLN[0]"},
        {"requestvalue": "_PLN[1]"},
        {"requestvalue": "_PLN[2]"},
        {"requestvalue": "_PLN[3]"},
        {"requestvalue": "_P_SUM3"},
        {"requestvalue": "_P_SUM"}
    ],
    "reactivepower": [
        {"requestvalue": "_QLN[0]"},
        {"requestvalue": "_QLN[1]"},
        {"requestvalue": "_QLN[2]"},
        {"requestvalue": "_QLN[3]"},
        {"requestvalue": "_Q_SUM3"},
        {"requestvalue": "_Q_SUM"}
    ],
    "apparentpower": [
        {"requestvalue": "_SLN[0]"},
        {"requestvalue": "_SLN[1]"},
        {"requestvalue": "_SLN[2]"},
        {"requestvalue": "_SLN[3]"},
        {"requestvalue": "_S_SUM3"},
        {"requestvalue": "_S_SUM"}
    ],
    "cosphi": [
        {"requestvalue": "_COS_PHI[0]"},
        {"requestvalue": "_COS_PHI[1]"},
        {"requestvalue": "_COS_PHI[2]"},
        {"requestvalue": "_COS_PHI[3]"},
        {"requestvalue": "_COS_SUM3"},
        {"requestvalue": "_COS_SUM"}
    ],
    "thd": [
        {"requestvalue": "_THD_ULN[0]"},
        {"requestvalue": "_THD_ULN[1]"},
        {"requestvalue": "_THD_ULN[2]"},
        {"requestvalue": "_G_THD_ILN[0]"},
        {"requestvalue": "_G_THD_ILN[1]"},
        {"requestvalue": "_G_THD_ILN[2]"}
    ]
}







